#tm, #states, #transitions, steps, time(s), memory(MB)
4, 256, 65536, 0, 3.1332E-5, 1.2801895141601562
4, 256, 65536, 10, 0.058707841, 5.247894287109375
4, 256, 65536, 20, 0.109693501, 10.793670654296875
4, 256, 65536, 30, 0.166779599, 13.266815185546875
4, 256, 65536, 40, 0.220227966, 24.266815185546875
4, 256, 65536, 50, 0.268936417, 35.266815185546875
4, 256, 65536, 60, 0.311745687, 12.324234008789062
4, 256, 65536, 70, 0.364839101, 23.324234008789062
4, 256, 65536, 80, 0.400334781, 33.82228088378906
4, 256, 65536, 90, 0.439260409, 8.106361389160156
4, 256, 65536, 100, 0.484037663, 19.106361389160156
4, 256, 65536, 110, 0.519700994, 30.106361389160156
4, 256, 65536, 120, 0.559871841, 40.604408264160156
4, 256, 65536, 130, 0.611263053, 13.505790710449219
4, 256, 65536, 140, 0.651223468, 24.50579071044922
4, 256, 65536, 150, 0.678337723, 35.00774383544922
4, 256, 65536, 160, 0.696039001, 44.50579071044922
4, 256, 65536, 170, 0.721569491, 14.916435241699219
4, 256, 65536, 180, 0.757433955, 25.41448211669922
4, 256, 65536, 190, 0.788629574, 35.91643524169922
4, 256, 65536, 200, 0.814728087, 6.976951599121094
4, 256, 65536, 210, 0.851043117, 17.474998474121094
4, 256, 65536, 220, 0.885540014, 27.976951599121094
4, 256, 65536, 230, 0.911125998, 37.976951599121094
4, 256, 65536, 240, 0.940893927, 47.976951599121094
4, 256, 65536, 250, 0.96316253, 58.474998474121094
4, 256, 65536, 260, 1.009430604, 10.629051208496094
4, 256, 65536, 270, 1.031351252, 20.629051208496094
4, 256, 65536, 280, 1.053182245, 30.629051208496094
4, 256, 65536, 290, 1.079806496, 41.127098083496094
4, 256, 65536, 300, 1.097210494, 51.127098083496094
4, 256, 65536, 310, 1.114801412, 61.127098083496094
4, 256, 65536, 320, 1.151182147, 10.763954162597656
4, 256, 65536, 330, 1.172727982, 20.763954162597656
4, 256, 65536, 340, 1.198674142, 30.763954162597656
4, 256, 65536, 350, 1.211179138, 40.763954162597656
4, 256, 65536, 360, 1.22838695, 50.763954162597656
4, 256, 65536, 370, 1.241008527, 60.262001037597656
4, 256, 65536, 380, 1.258018516, 8.325416564941406
4, 256, 65536, 390, 1.280822534, 19.325416564941406
4, 256, 65536, 400, 1.293383186, 29.325416564941406
4, 256, 65536, 410, 1.31031483, 38.827369689941406
4, 256, 65536, 420, 1.331639258, 49.325416564941406
4, 256, 65536, 430, 1.348513994, 58.827369689941406
4, 256, 65536, 440, 1.369929012, 69.3254165649414
4, 256, 65536, 450, 1.398725273, 17.31487274169922
4, 256, 65536, 460, 1.418850371, 27.31487274169922
4, 256, 65536, 470, 1.443506071, 37.31487274169922
4, 256, 65536, 480, 1.454355286, 46.81682586669922
4, 256, 65536, 490, 1.479302587, 56.81682586669922
4, 256, 65536, 500, 1.498840129, 66.81682586669922
4, 256, 65536, 510, 1.511228207, 76.81682586669922
4, 256, 65536, 520, 1.519224894, 86.31487274169922
4, 256, 65536, 530, 1.53142062, 95.81682586669922
4, 256, 65536, 540, 1.543167423, 14.635368347167969
4, 256, 65536, 550, 1.55984639, 24.13341522216797
4, 256, 65536, 560, 1.572666997, 34.13341522216797
4, 256, 65536, 570, 1.580663092, 43.63536834716797
4, 256, 65536, 580, 1.588595114, 53.13341522216797
4, 256, 65536, 590, 1.596502812, 63.13341522216797
4, 256, 65536, 600, 1.60438196, 72.63536834716797
4, 256, 65536, 610, 1.625071028, 82.63536834716797
4, 256, 65536, 620, 1.632937588, 92.13341522216797
4, 256, 65536, 630, 1.645154358, 102.13341522216797
4, 256, 65536, 640, 1.665790507, 16.20171356201172
4, 256, 65536, 650, 1.673863279, 25.70366668701172
4, 256, 65536, 660, 1.686121684, 35.20171356201172
4, 256, 65536, 670, 1.694071685, 45.20171356201172
4, 256, 65536, 680, 1.702141265, 54.70366668701172
4, 256, 65536, 690, 1.714357684, 64.20171356201172
4, 256, 65536, 700, 1.722254029, 73.70366668701172
4, 256, 65536, 710, 1.734461236, 83.70366668701172
4, 256, 65536, 720, 1.742362641, 93.20171356201172
4, 256, 65536, 730, 1.754516423, 103.20171356201172
4, 256, 65536, 740, 1.77307312, 15.816825866699219
4, 256, 65536, 750, 1.785462901, 25.81682586669922
4, 256, 65536, 760, 1.801974141, 35.81682586669922
4, 256, 65536, 770, 1.814192789, 45.31487274169922
4, 256, 65536, 780, 1.822103006, 54.81682586669922
4, 256, 65536, 790, 1.834269299, 64.81682586669922
4, 256, 65536, 800, 1.846422661, 74.31487274169922
4, 256, 65536, 810, 1.858634906, 84.31487274169922
4, 256, 65536, 820, 1.869359654, 93.81682586669922
4, 256, 65536, 830, 1.877634127, 103.31487274169922
4, 256, 65536, 840, 1.89097568, 16.548507690429688
4, 256, 65536, 850, 1.901655517, 26.050460815429688
4, 256, 65536, 860, 1.91236438, 35.54850769042969
4, 256, 65536, 870, 1.922980797, 45.05046081542969
4, 256, 65536, 880, 1.931039707, 54.54850769042969
4, 256, 65536, 890, 1.938987351, 64.54850769042969
4, 256, 65536, 900, 1.946936592, 74.05046081542969
4, 256, 65536, 910, 1.954859657, 83.54850769042969
4, 256, 65536, 920, 1.96273275, 93.05046081542969
4, 256, 65536, 930, 1.973832107, 102.54850769042969
4, 256, 65536, 940, 1.986546992, 112.54850769042969
4, 256, 65536, 950, 1.994568738, 122.05046081542969
4, 256, 65536, 960, 2.010187667, 15.5218505859375
4, 256, 65536, 970, 2.018179414, 25.0198974609375
4, 256, 65536, 980, 2.026166025, 34.5218505859375
4, 256, 65536, 990, 2.034125922, 44.0198974609375
4, 256, 65536, 1000, 2.04635214, 54.0198974609375
4, 256, 65536, 1010, 2.054333978, 63.5218505859375
4, 256, 65536, 1020, 2.067412148, 73.0198974609375
4, 256, 65536, 1030, 2.078144707, 83.0198974609375
4, 256, 65536, 1040, 2.086508551, 92.5218505859375
4, 256, 65536, 1050, 2.094683096, 102.0198974609375
4, 256, 65536, 1060, 2.107072417, 112.0198974609375
4, 256, 65536, 1070, 2.115108862, 121.5218505859375
4, 256, 65536, 1080, 2.126339202, 13.564918518066406
4, 256, 65536, 1090, 2.138865199, 23.564918518066406
4, 256, 65536, 1100, 2.146963258, 33.066871643066406
4, 256, 65536, 1110, 2.155058805, 42.564918518066406
4, 256, 65536, 1120, 2.16312261, 52.066871643066406
4, 256, 65536, 1130, 2.173982545, 61.564918518066406
4, 256, 65536, 1140, 2.182185824, 71.5649185180664
4, 256, 65536, 1150, 2.190472937, 81.0668716430664
4, 256, 65536, 1160, 2.198606768, 90.5649185180664
4, 256, 65536, 1170, 2.206699532, 100.0668716430664
4, 256, 65536, 1180, 2.214816129, 109.5649185180664
4, 256, 65536, 1190, 2.222897897, 119.5649185180664
4, 256, 65536, 1200, 2.23469934, 12.782463073730469
4, 256, 65536, 1210, 2.242926221, 22.28050994873047
4, 256, 65536, 1220, 2.251031305, 31.78246307373047
4, 256, 65536, 1230, 2.259127145, 41.28050994873047
4, 256, 65536, 1240, 2.269504967, 50.78246307373047
4, 256, 65536, 1250, 2.282556308, 60.78246307373047
4, 256, 65536, 1260, 2.290767805, 70.28050994873047
4, 256, 65536, 1270, 2.303356667, 80.28050994873047
4, 256, 65536, 1280, 2.311470881, 89.78246307373047
4, 256, 65536, 1290, 2.319579787, 99.28050994873047
4, 256, 65536, 1300, 2.327597101, 108.78246307373047
4, 256, 65536, 1310, 2.335486354, 118.78246307373047
4, 256, 65536, 1320, 2.346951231, 10.899833679199219
4, 256, 65536, 1330, 2.357604501, 20.40178680419922
4, 256, 65536, 1340, 2.370857226, 29.89983367919922
4, 256, 65536, 1350, 2.382300832, 39.40178680419922
4, 256, 65536, 1360, 2.393260193, 49.40178680419922
4, 256, 65536, 1370, 2.402224767, 58.89983367919922
4, 256, 65536, 1380, 2.414687163, 68.40178680419922
4, 256, 65536, 1390, 2.422586859, 77.89983367919922
4, 256, 65536, 1400, 2.430529595, 87.89983367919922
4, 256, 65536, 1410, 2.438397854, 97.40178680419922
4, 256, 65536, 1420, 2.450580474, 106.89983367919922
4, 256, 65536, 1430, 2.45846156, 116.89983367919922
4, 256, 65536, 1440, 2.467203277, 126.40178680419922
4, 256, 65536, 1450, 2.477166114, 135.89983367919922
4, 256, 65536, 1460, 2.485204412, 145.40178680419922
4, 256, 65536, 1470, 2.49586817, 12.284294128417969
4, 256, 65536, 1480, 2.504023685, 22.28429412841797
4, 256, 65536, 1490, 2.516526259, 31.78624725341797
4, 256, 65536, 1500, 2.524651891, 41.28429412841797
4, 256, 65536, 1510, 2.532799168, 50.78624725341797
4, 256, 65536, 1520, 2.540775702, 60.78624725341797
4, 256, 65536, 1530, 2.552990808, 70.28429412841797
4, 256, 65536, 1540, 2.560855661, 79.78624725341797
4, 256, 65536, 1550, 2.571480863, 89.78624725341797
4, 256, 65536, 1560, 2.579529237, 99.28429412841797
4, 256, 65536, 1570, 2.591780447, 108.78624725341797
4, 256, 65536, 1580, 2.599787017, 118.78624725341797
4, 256, 65536, 1590, 2.607741111, 128.28429412841797
4, 256, 65536, 1600, 2.619865549, 137.78624725341797
4, 256, 65536, 1610, 2.627743691, 147.28429412841797
4, 256, 65536, 1620, 2.638674656, 13.939956665039062
4, 256, 65536, 1630, 2.646575014, 23.441909790039062
4, 256, 65536, 1640, 2.654448215, 32.93995666503906
4, 256, 65536, 1650, 2.662335775, 42.44190979003906
4, 256, 65536, 1660, 2.672977673, 51.93995666503906
4, 256, 65536, 1670, 2.680996233, 61.93995666503906
4, 256, 65536, 1680, 2.688958194, 71.44190979003906
4, 256, 65536, 1690, 2.696914314, 80.93995666503906
4, 256, 65536, 1700, 2.705021353, 90.44190979003906
4, 256, 65536, 1710, 2.712952254, 99.93995666503906
4, 256, 65536, 1720, 2.720881745, 109.93995666503906
4, 256, 65536, 1730, 2.72882656, 119.44190979003906
4, 256, 65536, 1740, 2.736744045, 128.93995666503906
4, 256, 65536, 1750, 2.74499118, 138.44190979003906
4, 256, 65536, 1760, 2.753071995, 147.93995666503906
4, 256, 65536, 1770, 2.763763806, 14.101432800292969
4, 256, 65536, 1780, 2.772295872, 23.60338592529297
4, 256, 65536, 1790, 2.780454713, 33.10143280029297
4, 256, 65536, 1800, 2.7884077, 42.60338592529297
4, 256, 65536, 1810, 2.796377437, 52.10143280029297
4, 256, 65536, 1820, 2.804316989, 62.10143280029297
4, 256, 65536, 1830, 2.812215725, 71.60338592529297
4, 256, 65536, 1840, 2.820114745, 81.10143280029297
4, 256, 65536, 1850, 2.827973974, 90.60338592529297
4, 256, 65536, 1860, 2.835849621, 100.10143280029297
4, 256, 65536, 1870, 2.843734267, 110.10143280029297
4, 256, 65536, 1880, 2.851604475, 119.60338592529297
4, 256, 65536, 1890, 2.859489409, 129.10143280029297
4, 256, 65536, 1900, 2.867475573, 138.60338592529297
4, 256, 65536, 1910, 2.876031984, 148.10143280029297
4, 256, 65536, 1920, 2.886513193, 13.924964904785156
4, 256, 65536, 1930, 2.894660942, 23.426918029785156
4, 256, 65536, 1940, 2.902780298, 32.924964904785156
4, 256, 65536, 1950, 2.910890127, 42.426918029785156
4, 256, 65536, 1960, 2.918977536, 51.924964904785156
4, 256, 65536, 1970, 2.927076727, 61.924964904785156
4, 256, 65536, 1980, 2.935181977, 71.42691802978516
4, 256, 65536, 1990, 2.943277825, 80.92496490478516
4, 256, 65536, 2000, 2.951457504, 90.42691802978516
4, 256, 65536, 2010, 2.959687114, 99.92496490478516
4, 256, 65536, 2020, 2.96783059, 109.92496490478516
4, 256, 65536, 2030, 2.976159801, 119.42691802978516
4, 256, 65536, 2040, 2.984417325, 128.92496490478516
4, 256, 65536, 2050, 2.992586674, 138.42691802978516
4, 256, 65536, 2060, 3.00073377, 147.92496490478516
4, 256, 65536, 2070, 3.011179629, 13.081840515136719
4, 256, 65536, 2080, 3.019300812, 22.58379364013672
4, 256, 65536, 2090, 3.027415837, 32.08184051513672
4, 256, 65536, 2100, 3.035483571, 41.58379364013672
4, 256, 65536, 2110, 3.043562884, 51.08184051513672
4, 256, 65536, 2120, 3.05161876, 61.08184051513672
4, 256, 65536, 2130, 3.059712483, 70.58379364013672
4, 256, 65536, 2140, 3.067806885, 80.08184051513672
4, 256, 65536, 2150, 3.076044723, 89.58379364013672
4, 256, 65536, 2160, 3.084270238, 99.08184051513672
4, 256, 65536, 2170, 3.092461683, 109.08184051513672
4, 256, 65536, 2180, 3.100630135, 118.58379364013672
4, 256, 65536, 2190, 3.108792171, 128.08184051513672
4, 256, 65536, 2200, 3.11693654, 137.58379364013672
4, 256, 65536, 2210, 3.125052401, 147.08184051513672
4, 256, 65536, 2220, 3.135118556, 11.982505798339844
4, 256, 65536, 2230, 3.143277991, 21.484458923339844
4, 256, 65536, 2240, 3.151439602, 30.982505798339844
4, 256, 65536, 2250, 3.159566923, 40.484458923339844
4, 256, 65536, 2260, 3.167761135, 49.982505798339844
4, 256, 65536, 2270, 3.176029141, 59.982505798339844
4, 256, 65536, 2280, 3.184245186, 69.48445892333984
4, 256, 65536, 2290, 3.192422428, 78.98250579833984
4, 256, 65536, 2300, 3.200528017, 88.48445892333984
4, 256, 65536, 2310, 3.208681892, 97.98250579833984
4, 256, 65536, 2320, 3.216785776, 107.98250579833984
4, 256, 65536, 2330, 3.224738581, 117.48445892333984
4, 256, 65536, 2340, 3.23265855, 126.98250579833984
4, 256, 65536, 2350, 3.240629615, 136.48445892333984
4, 256, 65536, 2360, 3.249102995, 145.98250579833984
4, 256, 65536, 2370, 3.257281854, 155.98250579833984
4, 256, 65536, 2380, 3.267144757, 19.58159637451172
4, 256, 65536, 2390, 3.275590306, 29.07964324951172
4, 256, 65536, 2400, 3.283631911, 38.58159637451172
4, 256, 65536, 2410, 3.291615083, 48.07964324951172
4, 256, 65536, 2420, 3.299555773, 57.58159637451172
4, 256, 65536, 2430, 3.307532579, 67.58159637451172
4, 256, 65536, 2440, 3.31556216, 77.07964324951172
4, 256, 65536, 2450, 3.323738248, 86.58159637451172
4, 256, 65536, 2460, 3.331904157, 96.07964324951172
4, 256, 65536, 2470, 3.339946168, 105.58159637451172
4, 256, 65536, 2480, 3.348145891, 115.58159637451172
4, 256, 65536, 2490, 3.356170942, 125.07964324951172
4, 256, 65536, 2500, 3.364115146, 134.58159637451172
4, 256, 65536, 2510, 3.372269388, 144.07964324951172
4, 256, 65536, 2520, 3.380498889, 153.58159637451172
4, 256, 65536, 2530, 3.390371838, 17.637046813964844
4, 256, 65536, 2540, 3.398576417, 27.135093688964844
4, 256, 65536, 2550, 3.406776048, 36.637046813964844
4, 256, 65536, 2560, 3.414948833, 46.135093688964844
4, 256, 65536, 2570, 3.423091575, 55.637046813964844
4, 256, 65536, 2580, 3.431239418, 65.63704681396484
4, 256, 65536, 2590, 3.439412166, 75.13509368896484
4, 256, 65536, 2600, 3.447562397, 84.63704681396484
4, 256, 65536, 2610, 3.455693914, 94.13509368896484
4, 256, 65536, 2620, 3.46380601, 103.63704681396484
4, 256, 65536, 2630, 3.471968181, 113.63704681396484
4, 256, 65536, 2640, 3.480350491, 123.13509368896484
4, 256, 65536, 2650, 3.48831136, 132.63704681396484
4, 256, 65536, 2660, 3.496263603, 142.13509368896484
4, 256, 65536, 2670, 3.504191619, 151.63704681396484
4, 256, 65536, 2680, 3.513829445, 15.680656433105469
4, 256, 65536, 2690, 3.521845621, 25.17870330810547
4, 256, 65536, 2700, 3.529892407, 34.68065643310547
4, 256, 65536, 2710, 3.537840427, 44.17870330810547
4, 256, 65536, 2720, 3.545789124, 53.68065643310547
4, 256, 65536, 2730, 3.553864699, 63.68065643310547
4, 256, 65536, 2740, 3.561814928, 73.17870330810547
4, 256, 65536, 2750, 3.569744151, 82.68065643310547
4, 256, 65536, 2760, 3.578113872, 92.17870330810547
4, 256, 65536, 2770, 3.586178551, 101.68065643310547
4, 256, 65536, 2780, 3.594156099, 111.68065643310547
4, 256, 65536, 2790, 3.602092836, 121.17870330810547
4, 256, 65536, 2800, 3.609990493, 130.68065643310547
4, 256, 65536, 2810, 3.6178707, 140.17870330810547
4, 256, 65536, 2820, 3.625740586, 149.68065643310547
4, 256, 65536, 2830, 3.635205598, 13.846488952636719
4, 256, 65536, 2840, 3.643145861, 23.34453582763672
4, 256, 65536, 2850, 3.651113455, 32.84648895263672
4, 256, 65536, 2860, 3.65907282, 42.34453582763672
4, 256, 65536, 2870, 3.667016138, 51.84648895263672
4, 256, 65536, 2880, 3.675122921, 61.84648895263672
4, 256, 65536, 2890, 3.683421904, 71.34453582763672
4, 256, 65536, 2900, 3.691397776, 80.84648895263672
4, 256, 65536, 2910, 3.699365977, 90.34453582763672
4, 256, 65536, 2920, 3.707460139, 99.84648895263672
4, 256, 65536, 2930, 3.715435383, 109.84648895263672
4, 256, 65536, 2940, 3.723428134, 119.34453582763672
4, 256, 65536, 2950, 3.731366441, 128.84648895263672
4, 256, 65536, 2960, 3.739258811, 138.34453582763672
4, 256, 65536, 2970, 3.747112563, 147.84648895263672
4, 256, 65536, 2980, 3.756453862, 11.857994079589844
4, 256, 65536, 2990, 3.764781568, 21.356040954589844
4, 256, 65536, 3000, 3.773336639, 30.857994079589844
4, 256, 65536, 3010, 3.78184904, 40.356040954589844
4, 256, 65536, 3020, 3.790046071, 49.857994079589844
4, 256, 65536, 3030, 3.798207848, 59.857994079589844
4, 256, 65536, 3040, 3.806328539, 69.35604095458984
4, 256, 65536, 3050, 3.814410796, 78.85799407958984
4, 256, 65536, 3060, 3.822492331, 88.35604095458984
4, 256, 65536, 3070, 3.830576599, 97.85799407958984
4, 256, 65536, 3080, 3.838661726, 107.85799407958984
4, 256, 65536, 3090, 3.846690892, 117.35604095458984
4, 256, 65536, 3100, 3.854759583, 126.85799407958984
4, 256, 65536, 3110, 3.862833883, 136.35604095458984
4, 256, 65536, 3120, 3.870897666, 145.85799407958984
4, 256, 65536, 3130, 3.879126569, 155.85799407958984
4, 256, 65536, 3140, 3.888595281, 18.805625915527344
4, 256, 65536, 3150, 3.89675223, 28.307579040527344
4, 256, 65536, 3160, 3.90488606, 37.805625915527344
4, 256, 65536, 3170, 3.912970292, 47.307579040527344
4, 256, 65536, 3180, 3.92106424, 57.307579040527344
4, 256, 65536, 3190, 3.929188394, 66.80562591552734
4, 256, 65536, 3200, 3.937303785, 76.30757904052734
4, 256, 65536, 3210, 3.945366896, 85.80562591552734
4, 256, 65536, 3220, 3.95333236, 95.30757904052734
4, 256, 65536, 3230, 3.961192424, 105.30757904052734
4, 256, 65536, 3240, 3.969069932, 114.80562591552734
4, 256, 65536, 3250, 3.977092125, 124.30757904052734
4, 256, 65536, 3260, 3.985662267, 133.80562591552734
4, 256, 65536, 3270, 3.993742209, 143.30757904052734
4, 256, 65536, 3280, 4.001766133, 152.80562591552734
4, 256, 65536, 3290, 4.010761038, 15.864418029785156
4, 256, 65536, 3300, 4.018661971, 25.366371154785156
4, 256, 65536, 3310, 4.026569209, 34.864418029785156
4, 256, 65536, 3320, 4.034459077, 44.366371154785156
4, 256, 65536, 3330, 4.042323996, 53.864418029785156
4, 256, 65536, 3340, 4.050224508, 63.864418029785156
4, 256, 65536, 3350, 4.058084737, 73.36637115478516
4, 256, 65536, 3360, 4.065974465, 82.86441802978516
4, 256, 65536, 3370, 4.073820025, 92.36637115478516
4, 256, 65536, 3380, 4.082426393, 101.86441802978516
4, 256, 65536, 3390, 4.090566048, 111.86441802978516
4, 256, 65536, 3400, 4.098516154, 121.36637115478516
4, 256, 65536, 3410, 4.10646948, 130.86441802978516
4, 256, 65536, 3420, 4.114443634, 140.36637115478516
4, 256, 65536, 3430, 4.122392025, 149.86441802978516
4, 256, 65536, 3440, 4.131593574, 12.946922302246094
4, 256, 65536, 3450, 4.139535436, 22.448875427246094
4, 256, 65536, 3460, 4.147429704, 31.946922302246094
4, 256, 65536, 3470, 4.155339692, 41.448875427246094
4, 256, 65536, 3480, 4.163368431, 50.946922302246094
4, 256, 65536, 3490, 4.17123287, 60.946922302246094
4, 256, 65536, 3500, 4.179397234, 70.4488754272461
4, 256, 65536, 3510, 4.187679003, 79.9469223022461
4, 256, 65536, 3520, 4.195673323, 89.4488754272461
4, 256, 65536, 3530, 4.203790841, 98.9469223022461
4, 256, 65536, 3540, 4.211740557, 108.9469223022461
4, 256, 65536, 3550, 4.219677166, 118.4488754272461
4, 256, 65536, 3560, 4.227579001, 127.9469223022461
4, 256, 65536, 3570, 4.2354675, 137.4488754272461
4, 256, 65536, 3580, 4.243903038, 146.9469223022461
4, 256, 65536, 3590, 4.251958831, 156.9469223022461
4, 256, 65536, 3600, 4.261167317, 19.53289031982422
4, 256, 65536, 3610, 4.269078657, 29.03093719482422
4, 256, 65536, 3620, 4.277016089, 38.53289031982422
4, 256, 65536, 3630, 4.288023897, 48.03093719482422
4, 256, 65536, 3640, 4.296215774, 58.03093719482422
4, 256, 65536, 3650, 4.304324086, 67.53289031982422
4, 256, 65536, 3660, 4.3124258, 77.03093719482422
4, 256, 65536, 3670, 4.320503255, 86.53289031982422
4, 256, 65536, 3680, 4.328685938, 96.03093719482422
4, 256, 65536, 3690, 4.336979256, 106.03093719482422
4, 256, 65536, 3700, 4.345206127, 115.53289031982422
4, 256, 65536, 3710, 4.353353497, 125.03093719482422
4, 256, 65536, 3720, 4.361494314, 134.53289031982422
4, 256, 65536, 3730, 4.369621166, 144.03093719482422
4, 256, 65536, 3740, 4.378058449, 154.03093719482422
4, 256, 65536, 3750, 4.389705773, 16.6553955078125
4, 256, 65536, 3760, 4.397956789, 26.1534423828125
4, 256, 65536, 3770, 4.406214349, 35.6553955078125
4, 256, 65536, 3780, 4.414420721, 45.1534423828125
4, 256, 65536, 3790, 4.42260112, 55.1534423828125
4, 256, 65536, 3800, 4.430768902, 64.6553955078125
4, 256, 65536, 3810, 4.438979474, 74.1534423828125
4, 256, 65536, 3820, 4.44736516, 83.6553955078125
4, 256, 65536, 3830, 4.455562983, 93.1534423828125
4, 256, 65536, 3840, 4.463732616, 103.1534423828125
4, 256, 65536, 3850, 4.471863912, 112.6553955078125
4, 256, 65536, 3860, 4.482290749, 122.1534423828125
4, 256, 65536, 3870, 4.490895081, 131.6553955078125
4, 256, 65536, 3880, 4.499077212, 141.1534423828125
4, 256, 65536, 3890, 4.507225041, 151.1534423828125
4, 256, 65536, 3900, 4.516246129, 13.736534118652344
4, 256, 65536, 3910, 4.524419811, 23.234580993652344
4, 256, 65536, 3920, 4.532412073, 32.736534118652344
4, 256, 65536, 3930, 4.540389521, 42.234580993652344
4, 256, 65536, 3940, 4.548329216, 52.234580993652344
4, 256, 65536, 3950, 4.556405668, 61.736534118652344
4, 256, 65536, 3960, 4.564284632, 71.23458099365234
4, 256, 65536, 3970, 4.572411982, 80.73653411865234
4, 256, 65536, 3980, 4.582880201, 90.23458099365234
4, 256, 65536, 3990, 4.591089173, 100.23458099365234
4, 256, 65536, 4000, 4.59906527, 109.73653411865234
4, 256, 65536, 4010, 4.606979528, 119.23458099365234
4, 256, 65536, 4020, 4.614957908, 128.73653411865234
4, 256, 65536, 4030, 4.622880526, 138.23458099365234
4, 256, 65536, 4040, 4.630780219, 148.23458099365234
4, 256, 65536, 4050, 4.639499842, 10.857597351074219
4, 256, 65536, 4060, 4.647566379, 20.35564422607422
4, 256, 65536, 4070, 4.655523012, 29.85759735107422
4, 256, 65536, 4080, 4.663473652, 39.35564422607422
4, 256, 65536, 4090, 4.671413662, 49.35564422607422
4, 256, 65536, 4100, 4.680677068, 58.85759735107422
4, 256, 65536, 4110, 4.690081617, 68.35564422607422
4, 256, 65536, 4120, 4.69804531, 77.85759735107422
4, 256, 65536, 4130, 4.706215217, 87.35564422607422
4, 256, 65536, 4140, 4.71412551, 96.85759735107422
4, 256, 65536, 4150, 4.722039828, 106.85759735107422
4, 256, 65536, 4160, 4.729918876, 116.35564422607422
4, 256, 65536, 4170, 4.737813196, 125.85759735107422
4, 256, 65536, 4180, 4.745725927, 135.35564422607422
4, 256, 65536, 4190, 4.753625752, 144.85759735107422
4, 256, 65536, 4200, 4.761481397, 154.85759735107422
4, 256, 65536, 4210, 4.770655746, 16.830360412597656
4, 256, 65536, 4220, 4.779318981, 26.332313537597656
4, 256, 65536, 4230, 4.789622371, 35.830360412597656
4, 256, 65536, 4240, 4.797639828, 45.332313537597656
4, 256, 65536, 4250, 4.805588393, 55.332313537597656
4, 256, 65536, 4260, 4.813533464, 64.83036041259766
4, 256, 65536, 4270, 4.821450177, 74.33231353759766
4, 256, 65536, 4280, 4.829362166, 83.83036041259766
4, 256, 65536, 4290, 4.837252855, 93.33231353759766
4, 256, 65536, 4300, 4.84511895, 103.33231353759766
4, 256, 65536, 4310, 4.853015869, 112.83036041259766
4, 256, 65536, 4320, 4.860862643, 122.33231353759766
4, 256, 65536, 4330, 4.86877364, 131.83036041259766
4, 256, 65536, 4340, 4.876713003, 141.33231353759766
4, 256, 65536, 4350, 4.887377956, 151.33231353759766
4, 256, 65536, 4360, 4.896201773, 13.887802124023438
4, 256, 65536, 4370, 4.904228726, 23.389755249023438
4, 256, 65536, 4380, 4.912262521, 32.88780212402344
4, 256, 65536, 4390, 4.920282827, 42.38975524902344
4, 256, 65536, 4400, 4.928313924, 52.38975524902344
4, 256, 65536, 4410, 4.936290229, 61.88780212402344
4, 256, 65536, 4420, 4.944234012, 71.38975524902344
4, 256, 65536, 4430, 4.952249753, 80.88780212402344
4, 256, 65536, 4440, 4.960206418, 90.38975524902344
4, 256, 65536, 4450, 4.968085444, 100.38975524902344
4, 256, 65536, 4460, 4.975965565, 109.88780212402344
4, 256, 65536, 4470, 4.986988804, 119.38975524902344
4, 256, 65536, 4480, 4.99515266, 128.88780212402344
4, 256, 65536, 4490, 5.003194679, 138.38975524902344
4, 256, 65536, 4500, 5.011200113, 148.38975524902344
4, 256, 65536, 4510, 5.019978509, 10.975997924804688
4, 256, 65536, 4520, 5.028065035, 20.477951049804688
4, 256, 65536, 4530, 5.036063169, 29.975997924804688
4, 256, 65536, 4540, 5.044023528, 39.47795104980469
4, 256, 65536, 4550, 5.05204086, 49.47795104980469
4, 256, 65536, 4560, 5.060012844, 58.97599792480469
4, 256, 65536, 4570, 5.06793988, 68.47795104980469
4, 256, 65536, 4580, 5.075906676, 77.97599792480469
4, 256, 65536, 4590, 5.086606315, 87.47795104980469
4, 256, 65536, 4600, 5.094755949, 97.47795104980469
4, 256, 65536, 4610, 5.102671034, 106.97599792480469
4, 256, 65536, 4620, 5.110529224, 116.47795104980469
4, 256, 65536, 4630, 5.11844883, 125.97599792480469
4, 256, 65536, 4640, 5.126336156, 135.4779510498047
4, 256, 65536, 4650, 5.134241859, 145.47740936279297
4, 256, 65536, 4660, 5.142106779, 154.9759979248047
4, 256, 65536, 4670, 5.150737088, 17.590721130371094
4, 256, 65536, 4680, 5.158633274, 27.088768005371094
4, 256, 65536, 4690, 5.166603902, 36.590721130371094
4, 256, 65536, 4700, 5.174473169, 46.590721130371094
4, 256, 65536, 4710, 5.184974172, 56.088768005371094
4, 256, 65536, 4720, 5.193012401, 65.5907211303711
4, 256, 65536, 4730, 5.200993652, 75.0887680053711
4, 256, 65536, 4740, 5.209093476, 84.5907211303711
4, 256, 65536, 4750, 5.21701305, 94.5907211303711
4, 256, 65536, 4760, 5.224937553, 104.0887680053711
4, 256, 65536, 4770, 5.232826317, 113.5907211303711
4, 256, 65536, 4780, 5.240693624, 123.0887680053711
4, 256, 65536, 4790, 5.249060588, 132.5907211303711
4, 256, 65536, 4800, 5.257210806, 142.5907211303711
4, 256, 65536, 4810, 5.265178337, 152.0887680053711
4, 256, 65536, 4820, 5.273956326, 14.688316345214844
4, 256, 65536, 4830, 5.28454698, 24.186363220214844
4, 256, 65536, 4840, 5.29275333, 33.688316345214844
4, 256, 65536, 4850, 5.300740862, 43.688316345214844
4, 256, 65536, 4860, 5.308776004, 53.186363220214844
4, 256, 65536, 4870, 5.316691165, 62.688316345214844
4, 256, 65536, 4880, 5.324550726, 72.18636322021484
4, 256, 65536, 4890, 5.332415005, 81.68831634521484
4, 256, 65536, 4900, 5.340242787, 91.68831634521484
4, 256, 65536, 4910, 5.348149684, 101.18636322021484
4, 256, 65536, 4920, 5.356016799, 110.68831634521484
4, 256, 65536, 4930, 5.363915063, 120.18636322021484
4, 256, 65536, 4940, 5.371926182, 129.68831634521484
4, 256, 65536, 4950, 5.381070278, 139.68831634521484
4, 256, 65536, 4960, 5.391139231, 149.18636322021484
4, 256, 65536, 4970, 5.400039275, 11.798179626464844
4, 256, 65536, 4980, 5.408027435, 21.296226501464844
4, 256, 65536, 4990, 5.415935192, 30.798179626464844
4, 256, 65536, 5000, 5.424342823, 40.798179626464844
4, 256, 65536, 5010, 5.43236708, 50.296226501464844
4, 256, 65536, 5020, 5.440301024, 59.798179626464844
4, 256, 65536, 5030, 5.448210703, 69.29622650146484
4, 256, 65536, 5040, 5.456108856, 78.79817962646484
4, 256, 65536, 5050, 5.464006907, 88.29622650146484
4, 256, 65536, 5060, 5.471918106, 98.29622650146484
4, 256, 65536, 5070, 5.479755672, 107.79817962646484
4, 256, 65536, 5080, 5.490398161, 117.29622650146484
4, 256, 65536, 5090, 5.498384514, 126.79817962646484
4, 256, 65536, 5100, 5.506373838, 136.29622650146484
4, 256, 65536, 5110, 5.514312651, 146.29622650146484
4, 256, 65536, 5120, 5.522240582, 155.79817962646484
4, 256, 65536, 5130, 5.531099216, 18.39405059814453
4, 256, 65536, 5140, 5.539070069, 27.89600372314453
4, 256, 65536, 5150, 5.54704966, 37.39405059814453
4, 256, 65536, 5160, 5.555068755, 47.39405059814453
4, 256, 65536, 5170, 5.562959486, 56.89600372314453
4, 256, 65536, 5180, 5.570901955, 66.39405059814453
4, 256, 65536, 5190, 5.578819699, 75.89600372314453
4, 256, 65536, 5200, 5.589453448, 85.39405059814453
4, 256, 65536, 5210, 5.59747132, 95.39405059814453
4, 256, 65536, 5220, 5.605448119, 104.89600372314453
4, 256, 65536, 5230, 5.613412347, 114.39405059814453
4, 256, 65536, 5240, 5.621312201, 123.89600372314453
4, 256, 65536, 5250, 5.629195323, 133.39405059814453
4, 256, 65536, 5260, 5.637124139, 143.39405059814453
4, 256, 65536, 5270, 5.644985628, 152.89600372314453
4, 256, 65536, 5280, 5.653693451, 14.860054016113281
4, 256, 65536, 5290, 5.661598853, 24.36200714111328
4, 256, 65536, 5300, 5.669534579, 33.86005401611328
4, 256, 65536, 5310, 5.67743153, 43.86005401611328
4, 256, 65536, 5320, 5.688024234, 53.36200714111328
4, 256, 65536, 5330, 5.696084032, 62.86005401611328
4, 256, 65536, 5340, 5.704153825, 72.36200714111328
4, 256, 65536, 5350, 5.712107935, 81.86005401611328
4, 256, 65536, 5360, 5.720037652, 91.86005401611328
4, 256, 65536, 5370, 5.727953765, 101.36200714111328
4, 256, 65536, 5380, 5.735901122, 110.86005401611328
4, 256, 65536, 5390, 5.743763022, 120.36200714111328
4, 256, 65536, 5400, 5.751648512, 129.86005401611328
4, 256, 65536, 5410, 5.759518017, 139.86005401611328
4, 256, 65536, 5420, 5.767721046, 149.36200714111328
4, 256, 65536, 5430, 5.776682662, 11.928581237792969
4, 256, 65536, 5440, 5.787364551, 21.43053436279297
4, 256, 65536, 5450, 5.795452161, 30.92858123779297
4, 256, 65536, 5460, 5.803421032, 40.92858123779297
4, 256, 65536, 5470, 5.811350023, 50.43053436279297
4, 256, 65536, 5480, 5.81927181, 59.92858123779297
4, 256, 65536, 5490, 5.827169489, 69.43053436279297
4, 256, 65536, 5500, 5.835024965, 78.92858123779297
4, 256, 65536, 5510, 5.842891958, 88.92858123779297
4, 256, 65536, 5520, 5.85076841, 98.43053436279297
4, 256, 65536, 5530, 5.858645624, 107.92858123779297
4, 256, 65536, 5540, 5.866507114, 117.43053436279297
4, 256, 65536, 5550, 5.874385753, 126.92858123779297
4, 256, 65536, 5560, 5.88223796, 136.92858123779297
4, 256, 65536, 5570, 5.892902716, 146.43053436279297
4, 256, 65536, 5580, 5.900900172, 155.92858123779297
4, 256, 65536, 5590, 5.909749213, 18.5137939453125
4, 256, 65536, 5600, 5.917696585, 28.0118408203125
4, 256, 65536, 5610, 5.925893373, 38.0118408203125
4, 256, 65536, 5620, 5.933815759, 47.5137939453125
4, 256, 65536, 5630, 5.941743352, 57.0118408203125
4, 256, 65536, 5640, 5.949610552, 66.5137939453125
4, 256, 65536, 5650, 5.958111773, 76.0118408203125
4, 256, 65536, 5660, 5.966183103, 86.0118408203125
4, 256, 65536, 5670, 5.974248563, 95.5137939453125
4, 256, 65536, 5680, 5.982255527, 105.0118408203125
4, 256, 65536, 5690, 5.993219745, 114.5137939453125
4, 256, 65536, 5700, 6.001326222, 124.0118408203125
4, 256, 65536, 5710, 6.009379028, 134.0118408203125
4, 256, 65536, 5720, 6.017302921, 143.5137939453125
4, 256, 65536, 5730, 6.025202397, 153.0118408203125
4, 256, 65536, 5740, 6.033917443, 15.609306335449219
4, 256, 65536, 5750, 6.0418752, 25.10735321044922
4, 256, 65536, 5760, 6.049875943, 35.10735321044922
4, 256, 65536, 5770, 6.057803202, 44.60930633544922
4, 256, 65536, 5780, 6.065756227, 54.10735321044922
4, 256, 65536, 5790, 6.073715037, 63.60930633544922
4, 256, 65536, 5800, 6.081753868, 73.10735321044922
4, 256, 65536, 5810, 6.092410976, 83.10735321044922
4, 256, 65536, 5820, 6.100581103, 92.60930633544922
4, 256, 65536, 5830, 6.108632343, 102.10735321044922
4, 256, 65536, 5840, 6.116574541, 111.60930633544922
4, 256, 65536, 5850, 6.124468636, 121.10735321044922
4, 256, 65536, 5860, 6.132346649, 131.10735321044922
4, 256, 65536, 5870, 6.140251668, 140.60930633544922
4, 256, 65536, 5880, 6.148160287, 150.10735321044922
4, 256, 65536, 5890, 6.156905607, 12.726753234863281
4, 256, 65536, 5900, 6.164916975, 22.22480010986328
4, 256, 65536, 5910, 6.172816179, 31.72675323486328
4, 256, 65536, 5920, 6.180718237, 41.72675323486328
4, 256, 65536, 5930, 6.191263896, 51.22480010986328
4, 256, 65536, 5940, 6.199324918, 60.72675323486328
4, 256, 65536, 5950, 6.207459731, 70.22480010986328
4, 256, 65536, 5960, 6.215423281, 79.72675323486328
4, 256, 65536, 5970, 6.223315843, 89.72675323486328
4, 256, 65536, 5980, 6.231237002, 99.22480010986328
4, 256, 65536, 5990, 6.239133379, 108.72675323486328
4, 256, 65536, 6000, 6.247505241, 118.22480010986328
4, 256, 65536, 6010, 6.255583758, 127.72675323486328
4, 256, 65536, 6020, 6.263770167, 137.72675323486328
4, 256, 65536, 6030, 6.271892069, 147.22480010986328
4, 256, 65536, 6040, 6.27998902, 156.72675323486328
4, 256, 65536, 6050, 6.291580249, 19.318824768066406
4, 256, 65536, 6060, 6.299834057, 28.820777893066406
4, 256, 65536, 6070, 6.308004849, 38.820777893066406
4, 256, 65536, 6080, 6.316111061, 48.318824768066406
4, 256, 65536, 6090, 6.324195176, 57.820777893066406
4, 256, 65536, 6100, 6.332494013, 67.3188247680664
4, 256, 65536, 6110, 6.340694302, 76.8207778930664
4, 256, 65536, 6120, 6.348874462, 86.8207778930664
4, 256, 65536, 6130, 6.356977991, 96.3188247680664
4, 256, 65536, 6140, 6.365075103, 105.8207778930664
4, 256, 65536, 6150, 6.373190355, 115.3188247680664
4, 256, 65536, 6160, 6.381301492, 124.8207778930664
4, 256, 65536, 6170, 6.392172687, 134.8207778930664
4, 256, 65536, 6180, 6.400406468, 144.3188247680664
4, 256, 65536, 6190, 6.408546729, 153.8207778930664
4, 256, 65536, 6200, 6.417521146, 16.43079376220703
4, 256, 65536, 6210, 6.425661738, 25.93274688720703
4, 256, 65536, 6220, 6.433810751, 35.93274688720703
4, 256, 65536, 6230, 6.441933439, 45.43079376220703
4, 256, 65536, 6240, 6.450023294, 54.93274688720703
4, 256, 65536, 6250, 6.458106382, 64.43079376220703
4, 256, 65536, 6260, 6.466176211, 73.93274688720703
4, 256, 65536, 6270, 6.474250771, 83.93274688720703
4, 256, 65536, 6280, 6.482344209, 93.43079376220703
4, 256, 65536, 6290, 6.492816678, 102.93274688720703
4, 256, 65536, 6300, 6.50104833, 112.43079376220703
4, 256, 65536, 6310, 6.509207105, 121.93274688720703
4, 256, 65536, 6320, 6.517328614, 131.93274688720703
4, 256, 65536, 6330, 6.525427324, 141.43079376220703
4, 256, 65536, 6340, 6.533499384, 150.93274688720703
4, 256, 65536, 6350, 6.542181961, 12.894989013671875
4, 256, 65536, 6360, 6.550314623, 22.396942138671875
4, 256, 65536, 6370, 6.558482012, 32.396942138671875
4, 256, 65536, 6380, 6.566585282, 41.894989013671875
4, 256, 65536, 6390, 6.57467641, 51.396942138671875
4, 256, 65536, 6400, 6.582734327, 60.894989013671875
4, 256, 65536, 6410, 6.593270109, 70.39694213867188
4, 256, 65536, 6420, 6.601466417, 80.39694213867188
4, 256, 65536, 6430, 6.609598837, 89.89498901367188
4, 256, 65536, 6440, 6.617704372, 99.39694213867188
4, 256, 65536, 6450, 6.625814186, 108.89498901367188
4, 256, 65536, 6460, 6.634013198, 118.39694213867188
4, 256, 65536, 6470, 6.642114674, 128.39694213867188
4, 256, 65536, 6480, 6.650201236, 137.89498901367188
4, 256, 65536, 6490, 6.658256117, 147.39694213867188
4, 256, 65536, 6500, 6.66629466, 156.89498901367188
4, 256, 65536, 6510, 6.674881378, 19.451988220214844
4, 256, 65536, 6520, 6.682965233, 29.451988220214844
4, 256, 65536, 6530, 6.693520067, 38.950035095214844
4, 256, 65536, 6540, 6.701719183, 48.451988220214844
4, 256, 65536, 6550, 6.709891963, 57.950035095214844
4, 256, 65536, 6560, 6.718021406, 67.45198822021484
4, 256, 65536, 6570, 6.726135106, 77.45198822021484
4, 256, 65536, 6580, 6.73425379, 86.95003509521484
4, 256, 65536, 6590, 6.742320593, 96.45198822021484
4, 256, 65536, 6600, 6.750376628, 105.95003509521484
4, 256, 65536, 6610, 6.758461768, 115.45198822021484
4, 256, 65536, 6620, 6.766610846, 125.45198822021484
4, 256, 65536, 6630, 6.774860445, 134.95003509521484
4, 256, 65536, 6640, 6.783046963, 144.45198822021484
4, 256, 65536, 6650, 6.79343719, 153.95003509521484
4, 256, 65536, 6660, 6.802321504, 16.553855895996094
4, 256, 65536, 6670, 6.810370822, 26.553855895996094
4, 256, 65536, 6680, 6.818389287, 36.051902770996094
4, 256, 65536, 6690, 6.826351983, 45.553855895996094
4, 256, 65536, 6700, 6.834356323, 55.051902770996094
4, 256, 65536, 6710, 6.842313432, 64.5538558959961
4, 256, 65536, 6720, 6.850233216, 74.5538558959961
4, 256, 65536, 6730, 6.858108097, 84.0519027709961
4, 256, 65536, 6740, 6.865986915, 93.5538558959961
4, 256, 65536, 6750, 6.874159119, 103.0519027709961
4, 256, 65536, 6760, 6.88249753, 112.5538558959961
4, 256, 65536, 6770, 6.893031946, 122.0519027709961
4, 256, 65536, 6780, 6.901115676, 132.0519027709961
4, 256, 65536, 6790, 6.909096841, 141.5538558959961
4, 256, 65536, 6800, 6.917026597, 151.0519027709961
4, 256, 65536, 6810, 6.925713577, 13.669059753417969
4, 256, 65536, 6820, 6.933723616, 23.16710662841797
4, 256, 65536, 6830, 6.94163889, 33.16710662841797
4, 256, 65536, 6840, 6.949536778, 42.66905975341797
4, 256, 65536, 6850, 6.957427144, 52.16710662841797
4, 256, 65536, 6860, 6.965327399, 61.66905975341797
4, 256, 65536, 6870, 6.973190524, 71.16710662841797
4, 256, 65536, 6880, 6.981298426, 81.16710662841797
4, 256, 65536, 6890, 6.990239355, 90.66905975341797
4, 256, 65536, 6900, 7.000519578, 100.16710662841797
4, 256, 65536, 6910, 7.00861446, 109.66905975341797
4, 256, 65536, 6920, 7.016699908, 119.16710662841797
4, 256, 65536, 6930, 7.024609955, 129.16710662841797
4, 256, 65536, 6940, 7.032524775, 138.66905975341797
4, 256, 65536, 6950, 7.040403976, 148.16710662841797
4, 256, 65536, 6960, 7.049052134, 10.754714965820312
4, 256, 65536, 6970, 7.057024591, 20.252761840820312
4, 256, 65536, 6980, 7.064994406, 30.252761840820312
4, 256, 65536, 6990, 7.072931057, 39.75471496582031
4, 256, 65536, 7000, 7.080932439, 49.25276184082031
4, 256, 65536, 7010, 7.088916842, 58.75471496582031
4, 256, 65536, 7020, 7.10055302, 68.25276184082031
4, 256, 65536, 7030, 7.108580879, 78.25276184082031
4, 256, 65536, 7040, 7.116576985, 87.75471496582031
4, 256, 65536, 7050, 7.12451122, 97.25276184082031
4, 256, 65536, 7060, 7.132358141, 106.75471496582031
4, 256, 65536, 7070, 7.140251471, 116.25276184082031
4, 256, 65536, 7080, 7.148105346, 126.25276184082031
4, 256, 65536, 7090, 7.155987405, 135.7547149658203
4, 256, 65536, 7100, 7.163928327, 145.2527618408203
4, 256, 65536, 7110, 7.171775776, 154.7547149658203
4, 256, 65536, 7120, 7.180527483, 17.374107360839844
4, 256, 65536, 7130, 7.188476897, 27.374107360839844
4, 256, 65536, 7140, 7.198766858, 36.876060485839844
4, 256, 65536, 7150, 7.206833414, 46.374107360839844
4, 256, 65536, 7160, 7.214765065, 55.876060485839844
4, 256, 65536, 7170, 7.222698166, 65.37410736083984
4, 256, 65536, 7180, 7.230556637, 75.37410736083984
4, 256, 65536, 7190, 7.238458355, 84.87606048583984
4, 256, 65536, 7200, 7.246576282, 94.37410736083984
4, 256, 65536, 7210, 7.254581987, 103.87606048583984
4, 256, 65536, 7220, 7.262648353, 113.37410736083984
4, 256, 65536, 7230, 7.270614794, 123.37410736083984
4, 256, 65536, 7240, 7.278539382, 132.87606048583984
4, 256, 65536, 7250, 7.286429836, 142.37410736083984
4, 256, 65536, 7260, 7.296643527, 151.87606048583984
4, 256, 65536, 7270, 7.305733538, 14.474296569824219
4, 256, 65536, 7280, 7.313818616, 24.47429656982422
4, 256, 65536, 7290, 7.321848816, 33.97624969482422
4, 256, 65536, 7300, 7.329855559, 43.47429656982422
4, 256, 65536, 7310, 7.33780394, 52.97624969482422
4, 256, 65536, 7320, 7.345819129, 62.47429656982422
4, 256, 65536, 7330, 7.353805614, 72.47429656982422
4, 256, 65536, 7340, 7.361772979, 81.97624969482422
4, 256, 65536, 7350, 7.369748817, 91.47429656982422
4, 256, 65536, 7360, 7.377715434, 100.97624969482422
4, 256, 65536, 7370, 7.385586006, 110.47429656982422
4, 256, 65536, 7380, 7.395800731, 120.47429656982422
4, 256, 65536, 7390, 7.403846155, 129.97624969482422
4, 256, 65536, 7400, 7.411830147, 139.47429656982422
4, 256, 65536, 7410, 7.419751508, 148.97624969482422
4, 256, 65536, 7420, 7.428496592, 10.935859680175781
4, 256, 65536, 7430, 7.436462475, 20.93585968017578
4, 256, 65536, 7440, 7.444475156, 30.43781280517578
4, 256, 65536, 7450, 7.452617125, 39.93585968017578
4, 256, 65536, 7460, 7.460695092, 49.43781280517578
4, 256, 65536, 7470, 7.468657663, 58.93585968017578
4, 256, 65536, 7480, 7.476569542, 68.93585968017578
4, 256, 65536, 7490, 7.4844359, 78.43781280517578
4, 256, 65536, 7500, 7.493014652, 87.93585968017578
4, 256, 65536, 7510, 7.502646951, 97.43781280517578
4, 256, 65536, 7520, 7.510614802, 106.93585968017578
4, 256, 65536, 7530, 7.518569108, 116.93585968017578
4, 256, 65536, 7540, 7.526511479, 126.43781280517578
4, 256, 65536, 7550, 7.534420276, 135.93585968017578
4, 256, 65536, 7560, 7.542291406, 145.43781280517578
4, 256, 65536, 7570, 7.550239656, 154.93585968017578
4, 256, 65536, 7580, 7.559087623, 17.99274444580078
4, 256, 65536, 7590, 7.567015764, 27.49469757080078
4, 256, 65536, 7600, 7.574930869, 36.99274444580078
4, 256, 65536, 7610, 7.582827193, 46.49469757080078
4, 256, 65536, 7620, 7.590711664, 55.99274444580078
4, 256, 65536, 7630, 7.600967695, 65.49469757080078
4, 256, 65536, 7640, 7.608972279, 75.49469757080078
4, 256, 65536, 7650, 7.61692318, 84.99274444580078
4, 256, 65536, 7660, 7.624803043, 94.49469757080078
4, 256, 65536, 7670, 7.632701399, 103.99274444580078
4, 256, 65536, 7680, 7.640588874, 113.49469757080078
4, 256, 65536, 7690, 7.648466182, 123.49469757080078
4, 256, 65536, 7700, 7.656359521, 132.99274444580078
4, 256, 65536, 7710, 7.664227502, 142.49469757080078
4, 256, 65536, 7720, 7.67208249, 151.99274444580078
4, 256, 65536, 7730, 7.680567243, 14.597824096679688
4, 256, 65536, 7740, 7.688456494, 24.597824096679688
4, 256, 65536, 7750, 7.698593519, 34.09587097167969
4, 256, 65536, 7760, 7.706880515, 43.59782409667969
4, 256, 65536, 7770, 7.715061445, 53.09587097167969
4, 256, 65536, 7780, 7.723179401, 62.59782409667969
4, 256, 65536, 7790, 7.731299304, 72.59782409667969
4, 256, 65536, 7800, 7.739378049, 82.09587097167969
4, 256, 65536, 7810, 7.747475849, 91.59782409667969
4, 256, 65536, 7820, 7.755555719, 101.09587097167969
4, 256, 65536, 7830, 7.763619494, 110.59782409667969
4, 256, 65536, 7840, 7.771865453, 120.59782409667969
4, 256, 65536, 7850, 7.780099465, 130.0958709716797
4, 256, 65536, 7860, 7.788268818, 139.5978240966797
4, 256, 65536, 7870, 7.798169029, 149.0958709716797
4, 256, 65536, 7880, 7.807572115, 11.695426940917969
4, 256, 65536, 7890, 7.815806025, 21.69542694091797
4, 256, 65536, 7900, 7.824043046, 31.19347381591797
4, 256, 65536, 7910, 7.832253997, 40.69542694091797
4, 256, 65536, 7920, 7.840380144, 50.19347381591797
4, 256, 65536, 7930, 7.848342329, 59.69542694091797
4, 256, 65536, 7940, 7.856262153, 69.69542694091797
4, 256, 65536, 7950, 7.864137061, 79.19347381591797
4, 256, 65536, 7960, 7.872005415, 88.69542694091797
4, 256, 65536, 7970, 7.87989479, 98.19347381591797
4, 256, 65536, 7980, 7.887783279, 107.69542694091797
4, 256, 65536, 7990, 7.895635775, 117.69542694091797
4, 256, 65536, 8000, 7.905931704, 127.19347381591797
4, 256, 65536, 8010, 7.913916645, 136.69542694091797
4, 256, 65536, 8020, 7.921864281, 146.19347381591797
4, 256, 65536, 8030, 7.929805729, 155.69542694091797
4, 256, 65536, 8040, 7.938792777, 18.810569763183594
4, 256, 65536, 8050, 7.946711402, 28.308616638183594
4, 256, 65536, 8060, 7.954668863, 37.810569763183594
4, 256, 65536, 8070, 7.962574058, 47.308616638183594
4, 256, 65536, 8080, 7.97046152, 56.810569763183594
4, 256, 65536, 8090, 7.978400326, 66.8105697631836
4, 256, 65536, 8100, 7.986263722, 76.3086166381836
4, 256, 65536, 8110, 7.994122337, 85.8105697631836
4, 256, 65536, 8120, 8.005300409, 95.3086166381836
4, 256, 65536, 8130, 8.0134119, 104.8105697631836
4, 256, 65536, 8140, 8.021466397, 114.81002807617188
4, 256, 65536, 8150, 8.029494905, 124.3086166381836
4, 256, 65536, 8160, 8.037495814, 133.8105697631836
4, 256, 65536, 8170, 8.045425733, 143.3086166381836
4, 256, 65536, 8180, 8.053397836, 152.8105697631836
4, 256, 65536, 8190, 8.062193078, 15.919334411621094
4, 256, 65536, 8200, 8.070195212, 25.417381286621094
4, 256, 65536, 8210, 8.078189398, 34.919334411621094
4, 256, 65536, 8220, 8.0861422, 44.417381286621094
4, 256, 65536, 8230, 8.094097749, 53.919334411621094
4, 256, 65536, 8240, 8.105593979, 63.919334411621094
4, 256, 65536, 8250, 8.113755409, 73.4173812866211
4, 256, 65536, 8260, 8.121753914, 82.9193344116211
4, 256, 65536, 8270, 8.129780118, 92.4173812866211
4, 256, 65536, 8280, 8.137768122, 101.9193344116211
4, 256, 65536, 8290, 8.145721421, 111.9193344116211
4, 256, 65536, 8300, 8.153676948, 121.4173812866211
4, 256, 65536, 8310, 8.161556229, 130.9193344116211
4, 256, 65536, 8320, 8.169484041, 140.4173812866211
4, 256, 65536, 8330, 8.177357932, 149.9193344116211
4, 256, 65536, 8340, 8.186142281, 12.996421813964844
4, 256, 65536, 8350, 8.194090703, 22.494468688964844
4, 256, 65536, 8360, 8.204426206, 31.996421813964844
4, 256, 65536, 8370, 8.212474871, 41.494468688964844
4, 256, 65536, 8380, 8.220428816, 50.996421813964844
4, 256, 65536, 8390, 8.228349753, 60.996421813964844
4, 256, 65536, 8400, 8.236289745, 70.49446868896484
4, 256, 65536, 8410, 8.244291623, 79.99642181396484
4, 256, 65536, 8420, 8.252347518, 89.49446868896484
4, 256, 65536, 8430, 8.26029173, 98.99642181396484
4, 256, 65536, 8440, 8.268272215, 108.99642181396484
4, 256, 65536, 8450, 8.276170079, 118.49446868896484
4, 256, 65536, 8460, 8.28409003, 127.99642181396484
4, 256, 65536, 8470, 8.291962418, 137.49446868896484
4, 256, 65536, 8480, 8.301522002, 146.99642181396484
4, 256, 65536, 8490, 8.310117817, 156.99642181396484
4, 256, 65536, 8500, 8.318922123, 18.99791717529297
4, 256, 65536, 8510, 8.326907354, 28.49987030029297
4, 256, 65536, 8520, 8.335428701, 37.99791717529297
4, 256, 65536, 8530, 8.343668565, 47.49987030029297
4, 256, 65536, 8540, 8.35196907, 56.99791717529297
4, 256, 65536, 8550, 8.360126076, 66.99791717529297
4, 256, 65536, 8560, 8.368234785, 76.49987030029297
4, 256, 65536, 8570, 8.37640353, 85.99791717529297
4, 256, 65536, 8580, 8.384741535, 95.49987030029297
4, 256, 65536, 8590, 8.392895153, 104.99791717529297
4, 256, 65536, 8600, 8.402896897, 114.99791717529297
4, 256, 65536, 8610, 8.411609168, 124.49987030029297
4, 256, 65536, 8620, 8.419782267, 133.99791717529297
4, 256, 65536, 8630, 8.428048329, 143.49987030029297
4, 256, 65536, 8640, 8.436284591, 152.99791717529297
4, 256, 65536, 8650, 8.445063086, 16.03759765625
4, 256, 65536, 8660, 8.453212669, 25.53955078125
4, 256, 65536, 8670, 8.461329956, 35.03759765625
4, 256, 65536, 8680, 8.469417685, 44.53955078125
4, 256, 65536, 8690, 8.477485331, 54.03759765625
4, 256, 65536, 8700, 8.485599524, 64.03759765625
4, 256, 65536, 8710, 8.493690117, 73.53955078125
4, 256, 65536, 8720, 8.503337899, 83.03759765625
4, 256, 65536, 8730, 8.512323093, 92.53955078125
4, 256, 65536, 8740, 8.520494823, 102.03759765625
4, 256, 65536, 8750, 8.528652429, 112.03759765625
4, 256, 65536, 8760, 8.536750658, 121.53955078125
4, 256, 65536, 8770, 8.544854916, 131.03759765625
4, 256, 65536, 8780, 8.552914629, 140.53955078125
4, 256, 65536, 8790, 8.560962671, 150.03759765625
4, 256, 65536, 8800, 8.569616759, 13.132102966308594
4, 256, 65536, 8810, 8.577701485, 22.634056091308594
4, 256, 65536, 8820, 8.585807567, 32.132102966308594
4, 256, 65536, 8830, 8.593873437, 41.634056091308594
4, 256, 65536, 8840, 8.602522163, 51.132102966308594
4, 256, 65536, 8850, 8.612402148, 61.132102966308594
4, 256, 65536, 8860, 8.62057942, 70.6340560913086
4, 256, 65536, 8870, 8.628732945, 80.1321029663086
4, 256, 65536, 8880, 8.636841675, 89.6340560913086
4, 256, 65536, 8890, 8.645011097, 99.1321029663086
4, 256, 65536, 8900, 8.652901181, 109.1321029663086
4, 256, 65536, 8910, 8.660758143, 118.6340560913086
4, 256, 65536, 8920, 8.66864536, 128.1321029663086
4, 256, 65536, 8930, 8.676488298, 137.6340560913086
4, 256, 65536, 8940, 8.684361718, 147.1321029663086
4, 256, 65536, 8950, 8.692224468, 157.1321029663086
4, 256, 65536, 8960, 8.700927211, 19.73027801513672
4, 256, 65536, 8970, 8.711237992, 29.22832489013672
4, 256, 65536, 8980, 8.719202653, 38.73027801513672
4, 256, 65536, 8990, 8.727149847, 48.22832489013672
4, 256, 65536, 9000, 8.735058324, 58.22832489013672
4, 256, 65536, 9010, 8.743247382, 67.73027801513672
4, 256, 65536, 9020, 8.751319023, 77.22832489013672
4, 256, 65536, 9030, 8.759310801, 86.73027801513672
4, 256, 65536, 9040, 8.767255952, 96.22832489013672
4, 256, 65536, 9050, 8.775143547, 106.22832489013672
4, 256, 65536, 9060, 8.783028285, 115.73027801513672
4, 256, 65536, 9070, 8.790893085, 125.22832489013672
4, 256, 65536, 9080, 8.798706765, 134.73027801513672
4, 256, 65536, 9090, 8.808877639, 144.22832489013672
4, 256, 65536, 9100, 8.81692313, 154.22832489013672
4, 256, 65536, 9110, 8.825839874, 16.847267150878906
4, 256, 65536, 9120, 8.833845073, 26.345314025878906
4, 256, 65536, 9130, 8.841770955, 35.847267150878906
4, 256, 65536, 9140, 8.849715505, 45.345314025878906
4, 256, 65536, 9150, 8.857612721, 55.345314025878906
4, 256, 65536, 9160, 8.865492141, 64.8472671508789
4, 256, 65536, 9170, 8.873367397, 74.3453140258789
4, 256, 65536, 9180, 8.881259788, 83.8472671508789
4, 256, 65536, 9190, 8.889128918, 93.3453140258789
4, 256, 65536, 9200, 8.897005288, 103.3453140258789
4, 256, 65536, 9210, 8.905243346, 112.8472671508789
4, 256, 65536, 9220, 8.915140221, 122.3453140258789
4, 256, 65536, 9230, 8.923223789, 131.8472671508789
4, 256, 65536, 9240, 8.931156014, 141.3453140258789
4, 256, 65536, 9250, 8.939076202, 151.3453140258789
4, 256, 65536, 9260, 8.948113868, 13.956748962402344
4, 256, 65536, 9270, 8.956245406, 23.454795837402344
4, 256, 65536, 9280, 8.96438207, 32.956748962402344
4, 256, 65536, 9290, 8.972329059, 42.454795837402344
4, 256, 65536, 9300, 8.980273757, 52.454795837402344
4, 256, 65536, 9310, 8.988255586, 61.956748962402344
4, 256, 65536, 9320, 8.99615896, 71.45479583740234
4, 256, 65536, 9330, 9.003997406, 80.95674896240234
4, 256, 65536, 9340, 9.015252333, 90.45479583740234
4, 256, 65536, 9350, 9.023386319, 100.45479583740234
4, 256, 65536, 9360, 9.031385471, 109.95674896240234
4, 256, 65536, 9370, 9.039307713, 119.45479583740234
4, 256, 65536, 9380, 9.047219441, 128.95674896240234
4, 256, 65536, 9390, 9.055180055, 138.45479583740234
4, 256, 65536, 9400, 9.063058686, 147.95674896240234
4, 256, 65536, 9410, 9.07182912, 11.075126647949219
4, 256, 65536, 9420, 9.079873216, 20.57317352294922
4, 256, 65536, 9430, 9.087852461, 30.07512664794922
4, 256, 65536, 9440, 9.095785569, 39.57317352294922
4, 256, 65536, 9450, 9.103721574, 49.07512664794922
4, 256, 65536, 9460, 9.115343717, 59.07512664794922
4, 256, 65536, 9470, 9.123453891, 68.57317352294922
4, 256, 65536, 9480, 9.131520069, 78.07512664794922
4, 256, 65536, 9490, 9.139494242, 87.57317352294922
4, 256, 65536, 9500, 9.147406401, 97.07512664794922
4, 256, 65536, 9510, 9.155249858, 107.07512664794922
4, 256, 65536, 9520, 9.16319023, 116.57317352294922
4, 256, 65536, 9530, 9.171037196, 126.07512664794922
4, 256, 65536, 9540, 9.178924617, 135.57317352294922
4, 256, 65536, 9550, 9.186804761, 145.07512664794922
4, 256, 65536, 9560, 9.194665622, 155.07512664794922
4, 256, 65536, 9570, 9.203236022, 17.035133361816406
4, 256, 65536, 9580, 9.213512846, 26.537086486816406
4, 256, 65536, 9590, 9.221549633, 36.035133361816406
4, 256, 65536, 9600, 9.229472835, 45.537086486816406
4, 256, 65536, 9610, 9.237578135, 55.537086486816406
4, 256, 65536, 9620, 9.245663842, 65.0351333618164
4, 256, 65536, 9630, 9.253603221, 74.5370864868164
4, 256, 65536, 9640, 9.26154373, 84.0351333618164
4, 256, 65536, 9650, 9.269440957, 93.5370864868164
4, 256, 65536, 9660, 9.277350823, 103.5370864868164
4, 256, 65536, 9670, 9.285255964, 113.0351333618164
4, 256, 65536, 9680, 9.293095358, 122.5370864868164
4, 256, 65536, 9690, 9.300962463, 132.0351333618164
4, 256, 65536, 9700, 9.309830579, 141.5370864868164
4, 256, 65536, 9710, 9.319132042, 151.5370864868164
4, 256, 65536, 9720, 9.327931064, 14.070793151855469
4, 256, 65536, 9730, 9.335927291, 23.57274627685547
4, 256, 65536, 9740, 9.343949716, 33.07079315185547
4, 256, 65536, 9750, 9.351915889, 42.57274627685547
4, 256, 65536, 9760, 9.359883547, 52.57274627685547
4, 256, 65536, 9770, 9.367899722, 62.07079315185547
4, 256, 65536, 9780, 9.375792858, 71.57274627685547
4, 256, 65536, 9790, 9.383714874, 81.07079315185547
4, 256, 65536, 9800, 9.391567482, 90.57274627685547
4, 256, 65536, 9810, 9.399450715, 100.57274627685547
4, 256, 65536, 9820, 9.407349965, 110.07079315185547
4, 256, 65536, 9830, 9.417559592, 119.57274627685547
4, 256, 65536, 9840, 9.425558642, 129.07079315185547
4, 256, 65536, 9850, 9.43351113, 138.57274627685547
4, 256, 65536, 9860, 9.44139708, 148.57274627685547
4, 256, 65536, 9870, 9.449985197, 11.175445556640625
4, 256, 65536, 9880, 9.458016404, 20.677398681640625
4, 256, 65536, 9890, 9.465995637, 30.175445556640625
4, 256, 65536, 9900, 9.47394655, 39.677398681640625
4, 256, 65536, 9910, 9.481887561, 49.677398681640625
4, 256, 65536, 9920, 9.489764555, 59.175445556640625
4, 256, 65536, 9930, 9.49762852, 68.67739868164062
4, 256, 65536, 9940, 9.505498737, 78.17544555664062
4, 256, 65536, 9950, 9.513688862, 87.67739868164062
4, 256, 65536, 9960, 9.5218171, 97.67739868164062
4, 256, 65536, 9970, 9.529934997, 107.17544555664062
4, 256, 65536, 9980, 9.538006832, 116.67739868164062
4, 256, 65536, 9990, 9.546134443, 126.17544555664062
